Accuracy,Recall,Precision
0.9801078894133514,0.9829467939972715,0.9769491525423729
0.9892110586648685,0.9931787175989086,0.9851150202976996
0.9885367498314228,0.9884038199181446,0.9884038199181446
0.9770734996628456,0.9727148703956344,0.9807427785419532
