Accuracy,Recall,Precision
0.9865138233310856,0.9863574351978172,0.9863574351978172
0.9881995954146999,0.9911323328785812,0.9850847457627119
0.9821308159136884,0.984993178717599,0.9789830508474576
0.9888739042481457,0.990450204638472,0.9870836165873556
0.9885367498314228,0.9877216916780355,0.9890710382513661
0.9885367498314228,0.9931787175989086,0.9837837837837838
